{"300.0": {"right_back": 3215.9329905954196, "right_middle": 3215.9329905954205, "right_front": 3215.9329905954196, "left_front": 0, "left_middle": 0, "left_back": 0}, "491.66666666666663": {"right_back": 3184.136303615165, "right_middle": 3184.1363036151656, "right_front": 3184.136303615166, "left_front": 0, "left_middle": 0, "left_back": 0}, "683.3333333333333": {"right_back": 3654.4115805420715, "right_middle": 3499.428667654178, "right_front": 3499.428667654178, "left_front": 0, "left_middle": 0, "left_back": 0}, "875.0": {"right_back": 3116.308072062196, "right_middle": 3092.271656889155, "right_front": 3092.271656889156, "left_front": 0, "left_middle": 0, "left_back": 0}, "1066.6666666666665": {"right_back": 3124.6159764041404, "right_middle": 3069.8731244141054, "right_front": 3069.8731244141063, "left_front": 0, "left_middle": 0, "left_back": 0}, "1258.3333333333333": {"right_back": 3134.775271052137, "right_middle": 3059.543920260012, "right_front": 3059.5439202600123, "left_front": 0, "left_middle": 0, "left_back": 0}, "1450.0": {"right_back": 3116.308072062196, "right_middle": 3072.516232666641, "right_front": 3072.5162326666414, "left_front": 0, "left_middle": 0, "left_back": 0}, "1641.6666666666665": {"right_back": 3133.8514642528926, "right_middle": 3074.6707140765484, "right_front": 3074.6707140765493, "left_front": 0, "left_middle": 0, "left_back": 0}, "1833.3333333333333": {"right_back": 3131.080324744161, "right_middle": 3087.6089454462995, "right_front": 3087.6089454463004, "left_front": 0, "left_middle": 0, "left_back": 0}, "2025.0": {"right_back": 3148.6379594993136, "right_middle": 3101.455303563152, "right_front": 3101.4553035631525, "left_front": 0, "left_middle": 0, "left_back": 0}, "2216.6666666666665": {"right_back": 3169.9141944223034, "right_middle": 3131.3934597875113, "right_front": 3131.3934597875113, "left_front": 0, "left_middle": 0, "left_back": 0}, "2408.333333333333": {"right_back": 3191.214345668432, "right_middle": 3149.356918483518, "right_front": 3149.356918483518, "left_front": 0, "left_middle": 0, "left_back": 0}, "2600.0": {"right_back": 3184.7291878588358, "right_middle": 3152.3508687961753, "right_front": 3152.3508687961753, "left_front": 0, "left_middle": 0, "left_back": 0}, "2791.6666666666665": {"right_back": 3216.248746599056, "right_middle": 3170.31481086658, "right_front": 3170.31481086658, "left_front": 0, "left_middle": 0, "left_back": 0}, "2983.333333333333": {"right_back": 3236.670511497888, "right_middle": 3215.2264305955187, "right_front": 3215.2264305955187, "left_front": 0, "left_middle": 0, "left_back": 0}, "3175.0": {"right_back": 3249.1612763911858, "right_middle": 3249.161276391186, "right_front": 3249.161276391185, "left_front": 0, "left_middle": 0, "left_back": 0}, "3366.6666666666665": {"right_back": 3315.6000965134504, "right_middle": 3315.6000965134504, "right_front": 3315.6000965134504, "left_front": 0, "left_middle": 0, "left_back": 0}, "3558.333333333333": {"right_back": 3392.899792213145, "right_middle": 3392.8997922131452, "right_front": 3392.899792213145, "left_front": 0, "left_middle": 0, "left_back": 0}, "3750.0": {"right_back": 3457.5997454881904, "right_middle": 3457.5997454881904, "right_front": 3457.59974548819, "left_front": 0, "left_middle": 0, "left_back": 0}, "3941.6666666666665": {"right_back": 3551.664961676425, "right_middle": 3551.664961676425, "right_front": 3551.6649616764257, "left_front": 0, "left_middle": 0, "left_back": 0}, "4133.333333333333": {"right_back": 3582.4661896520415, "right_middle": 3582.466189652042, "right_front": 3582.4661896520406, "left_front": 0, "left_middle": 0, "left_back": 0}, "4325.0": {"right_back": 3698.411686116082, "right_middle": 3698.411686116082, "right_front": 3698.411686116082, "left_front": 0, "left_middle": 0, "left_back": 0}, "4516.666666666666": {"right_back": 3806.026931066043, "right_middle": 3806.0269310660433, "right_front": 3806.026931066042, "left_front": 0, "left_middle": 0, "left_back": 0}, "4708.333333333333": {"right_back": 3951.404813480897, "right_middle": 3951.404813480897, "right_front": 3951.404813480896, "left_front": 210.29740844812773, "left_middle": 210.29740844812773, "left_back": 210.29740844812773}, "4900.0": {"right_back": 4135.894703688671, "right_middle": 4135.894703688671, "right_front": 4135.89470368867, "left_front": 308.5854824841932, "left_middle": 308.5854824841932, "left_back": 308.5854824841932}, "train_width": 10200, "train_depth": 6000}