{"50.0": {"right_back": 3284.019545474135, "right_middle": 3280.5064966887135, "right_front": 3287.952109878033, "left_front": 3024.219726943346, "left_middle": 3023.68712564852, "left_back": 2963.0728361442034}, "252.08333333333334": {"right_back": 3189.1042742140426, "right_middle": 3186.8755754298054, "right_front": 3196.9419675620184, "left_front": 2967.2693956156522, "left_middle": 2967.86009852271, "left_back": 2882.639633483888}, "454.1666666666667": {"right_back": 3105.4904975572995, "right_middle": 3101.083497052498, "right_front": 3102.388073187988, "left_front": 2901.329343794667, "left_middle": 2913.0364459647353, "left_back": 2839.9333104352254}, "656.25": {"right_back": 3039.5911138225583, "right_middle": 3034.3718247296806, "right_front": 3035.5791943048657, "left_front": 2862.3660665824195, "left_middle": 2870.1790175765454, "left_back": 2809.9888549537536}, "858.3333333333334": {"right_back": 2960.71744219236, "right_middle": 2958.5815167145097, "right_front": 2959.8064476707787, "left_front": 2828.393961066528, "left_middle": 2834.5250698238897, "left_back": 2781.043686034882}, "1060.4166666666667": {"right_back": 2891.8334220358984, "right_middle": 2889.7840405146603, "right_front": 2894.013468229811, "left_front": 2794.4281257013185, "left_middle": 2802.6373960807973, "left_back": 2751.101623146493}, "1262.5": {"right_back": 2801.9932772127195, "right_middle": 2800.0631802791054, "right_front": 2806.361591263653, "left_front": 2761.3831910468643, "left_middle": 2761.9931790796904, "left_back": 2723.156848397524}, "1464.5833333333335": {"right_back": 2710.028262318551, "right_middle": 2708.134346498731, "right_front": 2713.7769218425483, "left_front": 2732.0619760058084, "left_middle": 2735.8810745427863, "left_back": 2702.1990176605705}, "1666.6666666666667": {"right_back": 2634.2932240207206, "right_middle": 2632.3600801568746, "right_front": 2637.0662385105, "left_front": 2718.0755748171273, "left_middle": 2706.7642946531205, "left_back": 2678.248020038771}, "1868.75": {"right_back": 2548.3996955715456, "right_middle": 2546.835087415261, "right_front": 2553.4446643578067, "left_front": 2690.4536953082907, "left_middle": 2675.1135272568554, "left_back": 2653.3000058817775}, "2070.8333333333335": {"right_back": 2490.3842544323934, "right_middle": 2488.1909608924466, "right_front": 2492.0918027124226, "left_front": 2674.47010017885, "left_middle": 2664.9257484500235, "left_back": 2638.331669793408}, "2272.916666666667": {"right_back": 2431.675085887597, "right_middle": 2430.31347882429, "right_front": 2436.953119820344, "left_front": 2652.1416163541685, "left_middle": 2647.9877096912487, "left_back": 2619.3722974706347}, "2475.0": {"right_back": 2400.4422192598263, "right_middle": 2394.15458180898, "right_front": 2399.3152085957217, "left_front": 2638.5077382099644, "left_middle": 2637.0362360133163, "left_back": 2605.4026124198426}, "2677.0833333333335": {"right_back": 2377.5978582835764, "right_middle": 2369.612902102054, "right_front": 2375.507694955177, "left_front": 2637.5991244294196, "left_middle": 2635.271786130568, "left_back": 2602.4091508693946}, "2879.166666666667": {"right_back": 2350.65308801707, "right_middle": 2350.314941979186, "right_front": 2353.780401370107, "left_front": 2639.596877878463, "left_middle": 2636.0402253232282, "left_back": 2601.4113337001304}, "3081.25": {"right_back": 2327.625706951617, "right_middle": 2326.4322266379527, "right_front": 2331.876757435412, "left_front": 2638.156049758672, "left_middle": 2639.0282664453553, "left_back": 2601.4113337001304}, "3283.3333333333335": {"right_back": 2317.7605284140636, "right_middle": 2317.142692921913, "right_front": 2322.816210083696, "left_front": 2653.5791475613664, "left_middle": 2664.5303428150546, "left_back": 2623.3636954218296}, "3485.416666666667": {"right_back": 2328.7090719353732, "right_middle": 2328.4218065993364, "right_front": 2338.8459024905605, "left_front": 2683.5764118765674, "left_middle": 2694.723596378271, "left_back": 2651.3042070577417}, "3687.5": {"right_back": 2372.3675472327886, "right_middle": 2372.412315174197, "right_front": 2376.5338130146624, "left_front": 2778.691082266417, "left_middle": 2810.228310565441, "left_back": 2723.857947695014}, "3889.5833333333335": {"right_back": 2452.4687864524412, "right_middle": 2435.260043161247, "right_front": 2440.919544745318, "left_front": 2773.478695374837, "left_middle": 2778.273758696251, "left_back": 2782.0491219968226}, "4091.666666666667": {"right_back": 2548.5052669781826, "right_middle": 2546.95721391509, "right_front": 2552.4488130597283, "left_front": 2913.9709679689454, "left_middle": 2959.4762897944565, "left_back": 2945.785409691904}, "4293.75": {"right_back": 2701.0755258874296, "right_middle": 2699.27194719171, "right_front": 2704.84965798998, "left_front": 4163.224520956225, "left_middle": 4219.220345841998, "left_back": 4227.820662230985}, "4495.833333333334": {"right_back": 2869.7575908998815, "right_middle": 2867.7196331040377, "right_front": 2875.255326578581, "left_front": 3069.783507418296, "left_middle": 3076.617584810168, "left_back": 3071.9928308991052}, "4697.916666666667": {"right_back": 3150.159773876513, "right_middle": 3143.897544946487, "right_front": 3154.0050488183497, "left_front": 3236.0618570260553, "left_middle": 3247.2710989008488, "left_back": 3231.262567411706}, "4900.0": {"right_back": 3353.152069228066, "right_middle": 3352.9807306923735, "right_front": 3355.8250959554334, "left_front": 3452.791609740867, "left_middle": 3432.5129705197137, "left_back": 3385.373158706378}, "train_width": 10200, "train_depth": 6000}